-- SPDX-License-Identifier: GPL-3.0-or-later
-- Copyright (C) 2021 S. K. Medlock, E. K. Herman, K. M. Shaw
SET CHARACTER SET 'utf8'; -- enable unicode support in older clients

INSERT INTO etl_mrn_patient (mrn, patient_id) VALUES
('DummyMRN-000017912', 1),
('DummyMRN-000004168', 2),
('DummyMRN-000020503', 3),
('DummyMRN-000014288', 4),
('DummyMRN-000001475', 5),
('DummyMRN-000017231', 6),
('DummyMRN-000009432', 7),
('DummyMRN-000024456', 8),
('DummyMRN-000016520', 9),
('DummyMRN-000008864', 10),
('DummyMRN-000026545', 11),
('DummyMRN-000001603', 12),
('DummyMRN-000011183', 13),
('DummyMRN-000010872', 14),
('DummyMRN-000024945', 15),
('DummyMRN-000007466', 16),
('DummyMRN-000005090', 17),
('DummyMRN-000015134', 18),
('DummyMRN-000019183', 19),
('DummyMRN-000030126', 20),
('DummyMRN-000001055', 21),
('DummyMRN-000025136', 22),
('DummyMRN-000003206', 23),
('DummyMRN-000006555', 24),
('DummyMRN-000019963', 25),
('DummyMRN-000003973', 26),
('DummyMRN-000014746', 27),
('DummyMRN-000001970', 28),
('DummyMRN-000009520', 29),
('DummyMRN-000004164', 30),
('DummyMRN-000019268', 31),
('DummyMRN-000008276', 32),
('DummyMRN-000016820', 33),
('DummyMRN-000020441', 34),
('DummyMRN-000000100', 35),
('DummyMRN-000017295', 36),
('DummyMRN-000009078', 37),
('DummyMRN-000015962', 38),
('DummyMRN-000029708', 39),
('DummyMRN-000012648', 40),
('DummyMRN-000003445', 41),
('DummyMRN-000008458', 42),
('DummyMRN-000029837', 43),
('DummyMRN-000013319', 44),
('DummyMRN-000012411', 45),
('DummyMRN-000016240', 46),
('DummyMRN-000008664', 47),
('DummyMRN-000016021', 48),
('DummyMRN-000028514', 49),
('DummyMRN-000014123', 50),
('DummyMRN-000011027', 51),
('DummyMRN-000004716', 52),
('DummyMRN-000029087', 53),
('DummyMRN-000018076', 54),
('DummyMRN-000030814', 55),
('DummyMRN-000032625', 56),
('DummyMRN-000029978', 57),
('DummyMRN-000013406', 58),
('DummyMRN-000002839', 59),
('DummyMRN-000021607', 60),
('DummyMRN-000018364', 61),
('DummyMRN-000021535', 62),
('DummyMRN-000016453', 63),
('DummyMRN-000028298', 64),
('DummyMRN-000024120', 65),
('DummyMRN-000029215', 66),
('DummyMRN-000007728', 67),
('DummyMRN-000025185', 68),
('DummyMRN-000030291', 69),
('DummyMRN-000018919', 70),
('DummyMRN-000023999', 71),
('DummyMRN-000027009', 72),
('DummyMRN-000024938', 73),
('DummyMRN-000004838', 74),
('DummyMRN-000026354', 75),
('DummyMRN-000032034', 76),
('DummyMRN-000022671', 77),
('DummyMRN-000017944', 78),
('DummyMRN-000001245', 79),
('DummyMRN-000011037', 80),
('DummyMRN-000008369', 81),
('DummyMRN-000007977', 82),
('DummyMRN-000019658', 83),
('DummyMRN-000019600', 84),
('DummyMRN-000013411', 85),
('DummyMRN-000023412', 86),
('DummyMRN-000020898', 87),
('DummyMRN-000003108', 88),
('DummyMRN-000027307', 89),
('DummyMRN-000025846', 90),
('DummyMRN-000020255', 91),
('DummyMRN-000023456', 92),
('DummyMRN-000025648', 93),
('DummyMRN-000007254', 94),
('DummyMRN-000015230', 95),
('DummyMRN-000018814', 96),
('DummyMRN-000027431', 97),
('DummyMRN-000010030', 98),
('DummyMRN-000012139', 99),
('DummyMRN-000003925', 100),
('DummyMRN-000025060', 101),
('DummyMRN-000006700', 102),
('DummyMRN-000007499', 103),
('DummyMRN-000008123', 104),
('DummyMRN-000011731', 105),
('DummyMRN-000032610', 106),
('DummyMRN-000020432', 107),
('DummyMRN-000001914', 108),
('DummyMRN-000005479', 109),
('DummyMRN-000022379', 110),
('DummyMRN-000022604', 111),
('DummyMRN-000009313', 112),
('DummyMRN-000024740', 113),
('DummyMRN-000029065', 114),
('DummyMRN-000029462', 115),
('DummyMRN-000017893', 116),
('DummyMRN-000025708', 117),
('DummyMRN-000015161', 118),
('DummyMRN-000003284', 119),
('DummyMRN-000013268', 120),
('DummyMRN-000003122', 121),
('DummyMRN-000017879', 122),
('DummyMRN-000008169', 123),
('DummyMRN-000001915', 124),
('DummyMRN-000028562', 125),
('DummyMRN-000020683', 126),
('DummyMRN-000016253', 127),
('DummyMRN-000001432', 128),
('DummyMRN-000008271', 129),
('DummyMRN-000025561', 130),
('DummyMRN-000029596', 131),
('DummyMRN-000023524', 132),
('DummyMRN-000021955', 133),
('DummyMRN-000024450', 134),
('DummyMRN-000010910', 135),
('DummyMRN-000010665', 136),
('DummyMRN-000016072', 137),
('DummyMRN-000002002', 138),
('DummyMRN-000031065', 139),
('DummyMRN-000021914', 140),
('DummyMRN-000011145', 141),
('DummyMRN-000012767', 142),
('DummyMRN-000003380', 143),
('DummyMRN-000000296', 144),
('DummyMRN-000018607', 145),
('DummyMRN-000014250', 146),
('DummyMRN-000001675', 147),
('DummyMRN-000002760', 148),
('DummyMRN-000025925', 149),
('DummyMRN-000031084', 150),
('DummyMRN-000028108', 151),
('DummyMRN-000022184', 152),
('DummyMRN-000029803', 153),
('DummyMRN-000016272', 154),
('DummyMRN-000018864', 155),
('DummyMRN-000030103', 156),
('DummyMRN-000019725', 157),
('DummyMRN-000006128', 158),
('DummyMRN-000018308', 159),
('DummyMRN-000024322', 160),
('DummyMRN-000000487', 161),
('DummyMRN-000013686', 162),
('DummyMRN-641923847', 163),
('DummyMRN-000004784', 164),
('DummyMRN-000012783', 165),
('DummyMRN-000031620', 166),
('DummyMRN-000014366', 167),
('DummyMRN-000006145', 168),
('DummyMRN-000000469', 169),
('DummyMRN-000007831', 170),
('DummyMRN-000032156', 171),
('DummyMRN-000026857', 172),
('DummyMRN-000025032', 173),
('DummyMRN-000025777', 174);

INSERT INTO etl_user (ehr_user_id) VALUES ('dr_alice'),('dr_bob');

INSERT INTO patient (id,display_name,birth_date) VALUES
(1,"Mevr. Empty",'1940-02-10'),
(2,"Mevr. Predict",'1940-02-11'),
(3,"Mr. Predict",'1942-01-01');

INSERT INTO patient (id,display_name,birth_date) VALUES
(4,"Mevr. Benzo-NoComorbid",'1940-02-12'),
(5,"Mevr. Benzo-angst",'1940-02-13'),
(6,"Mevr. Benzo-epilepsy",'1940-02-14'),
(7,"Mevr. Benzo-allergy",'1940-02-15'),
(8,"Mevr. Benzo-parkinson",'1940-02-16'),
(9,"Mevr. CYP3A",'1940-02-17'),
(10,"Mevr. Benzo-angst-park",'1940-02-18'),
(11,"Mevr. Scopolamine-angst",'1940-02-19'),
(12,"Mevr. Anxiolytic-NoComorbid",'1940-02-20'),
(13,"Mevr. Anxiolytic-allergy",'1940-02-21'),
(14,"Mr. Antipsy-NoComorbid",'1940-02-22'),
(15,"Mr. Antipsy-delier",'1940-02-23'),
(16,"Mr. Antipsy-dement",'1940-02-24'),
(17,"Mr. Antipsy-schiz",'1940-02-25'),
(18,"Mr. Antipsy-park",'1940-02-26'),
(19,"Mr. Clozapine-park",'1940-02-27'),
(20,"Mr. Antipsy-allergy",'1940-02-28'),
(21,"Mr. Antipsy-delier-park",'1940-02-29'),
(22,"Mr. Anitpsy-dement-schiz",'1940-03-01'),
(23,"Mr. Haldol-delier",'1940-03-02'),
(24,"Mr. Risperidon-dement",'1940-03-03'),
(25,"Mevr. Antidepr-NoComorbid-70y",'1950-01-01'),
(26,"Mevr. Antidepr-depr2mos",'1940-03-04'),
(27,"Mevr. Antidepr-depr8mos-natrium",'1940-03-05'),
(28,"Mevr. Antidepr-angst",'1940-03-06'),
(29,"Mevr. Fluoxetine",'1940-03-07'),
(30,"Mevr. Antidepr-oldNatrium",'1940-03-08'),
(31,"Mevr. Antidepr-allergy",'1940-03-09'),
(32,"Mevr. Antidepr-hyponatremia",'1940-03-10'),
(33,"Mr. ParkmedsAntichol-NoComorbid",'1940-03-11'),
(34,"Mr. Parkmeds-park",'1940-03-12'),
(35,"Mr. Parkmeds-allergy",'1940-03-13'),
(36,"Mr. Parkmeds-park-OH",'1940-03-14'),
(37,"Mevr. Antiep-NoComorbid",'1940-03-15'),
(38,"Mevr. AntiepBarbituate",'1940-03-16'),
(39,"Mevr. AntiepLevetiracetam",'1940-03-17'),
(40,"Mevr. Antiep-allergy",'1940-03-18'),
(41,"Mr. Diuretic-NoComorbid",'1940-03-19'),
(42,"Mr. Lisdiuretic-hartfalen",'1940-03-20'),
(43,"Mr. Bumetanide-hartfalen",'1940-03-21'),
(44,"Mr. Lisdiuretic-hypert",'1940-03-22'),
(45,"Mr. Thiazide-hypokalemia",'1940-03-23'),
(46,"Mr. Thiazide-hyponatremia",'1940-03-24'),
(47,"Mr. Thiazide-hypercalcemia",'1940-03-25'),
(48,"Mr. Thiazide-jicht",'1940-03-26'),
(49,"Mr. Diuretic-allergy",'1940-03-27'),
(50,"Mr. Antihypert-NoComorbid",'1940-03-28'),
(51,"Mr. Antihypert-park-OH",'1940-03-29'),-- are other antihypertensives and parkinson covered somewhere?
(52,"Mr. Antihypert-allergy",'1940-03-30'),
(53,"Mr. Antiarryth-NoComorbid",'1940-03-31'),
(54,"Mr. Antiarryth-allergy",'1940-04-01'),
(55,"Mr. Vasodilat-hypert",'1940-04-02'),
(56,"Mr. Vasodilat-NoComorbid",'1940-04-03'),
(57,"Mr. Nicorandil",'1940-04-04'),
(58,"Mr. Nicorandil-allergy",'1940-04-05'),
(59,"Mr. BetaB-NoComorbid",'1940-04-06'),
(60,"Mr. BetaBNS-diabetes",'1940-04-07'),
(61,"Mr. BetaBSel-diabetes",'1940-04-08'),
(62,"Mr. BetaB-AFib",'1940-04-09'),
(63,"Mr. BetaB-allergy",'1940-04-10'),
(64,"Mr. ACEi-NoComorbid",'1940-04-11'),
(65,"Mr. ACEi-allergy",'1940-04-12'),
(66,"Mr. Statin-NoComorbid",'1940-04-13'),
(67,"Mr. Statin-allergy",'1940-04-14'),
(68,"Mr. Diuretic-ACEi",'1940-04-15'),
(69,"Mr. Amlodipine",'1940-04-16'),
(70,"Mr. Diuretic-park-OH",'1940-04-17'),
(71,"Mr. PeriphVasodil",'1940-04-18'),
(72,"Mr. BBThiaz",'1940-04-19'),
(73,"Mr. BBOtherDiuretic",'1940-04-20'),
(74,"Mr. StatinAmlodipine",'1940-04-21'),
(75,"Mr. StatinAmlodipineACEi",'1940-04-22'),
(76,"Mevr. Opiate-NoComorbid",'1940-04-23'),
(77,"Mevr. Oxymorphone",'1940-04-24'),
(78,"Mevr. Opiate-NormEGFR",'1940-04-25'),
(79,"Mevr. Opiate-LowEGFR",'1940-04-26'),
(80,"Mevr. Opiate-OldEGFR",'1940-04-27'),
(81,"Mevr. Tramadol",'1940-04-28'),
(82,"Mevr. Opiate-allergy",'1940-04-29'),
(83,"Mr. NSAID-NoComorbid",'1940-04-30'),
(84,"Mr. NSAID-Paracetamol",'1940-05-01'),
(85,"Mr. NSAID-NormEGFR",'1940-05-02'),
(86,"Mr. NSAID-LowEGFR",'1940-05-03'),
(87,"Mr. NSAID-OldEGFR",'1940-05-04'),
(88,"Mr. NSAID-allergy",'1940-05-05'),
(89,"Mr. Indometacin",'1940-05-06'),
(90,"Mevr. Relax-NoComorbid",'1940-05-07'),
(91,"Mevr. Relax-Dwarslesie",'1940-05-08'),
(92,"Mevr. Relax-NormEGFR",'1940-05-09'),
(93,"Mevr. Relax-LowEGFR",'1940-05-10'),
(94,"Mevr. Relax-OldEGFR",'1940-05-11'),
(95,"Mevr. Relax-allergy",'1940-05-12'),
(96,"Mevr. Methocarbamol",'1940-05-13'),
(97,"Mr. Neuropath-NoComorbid",'1940-05-14'),
(98,"Mr. Neuropath-Allergy",'1940-05-15'),
(99,"Mevr. Antihist-NoComorbid",'1940-05-16'),
(100,"Mevr. Promethazine",'1940-05-17'),
(101,"Mevr. Cyproheptadine",'1940-05-18'),
(102,"Mevr. Cyproheptadine-Parkinson",'1940-05-19'),
(103,"Mevr. Antihist-Allergy",'1940-05-20'),
(104,"Mr. Antichol-NoComorbid",'1940-05-21'),
(105,"Mr. Antichol-Allergy",'1940-05-22'),
(106,"Mr. Butylscopolamine-NoComorbid",'1940-05-23'),
(107,"Mr. Butylscopolamine-Allergy",'1940-05-24'),
(108,"Mevr. Spasmolytic-NoComorbid",'1940-05-25'),
(109,"Mevr. Spasmolytic-Allergy",'1940-05-26'),
(110,"Mr. Alphablokker-NoComorbid",'1940-05-27'),
(111,"Mr. Terazosin-allergy",'1940-05-28'),
(112,"Mevr. Ulcermed-NoComorbid",'1940-05-29'),
(113,"Mevr. Pantoprazole",'1940-05-30'),
(114,"Mevr. Ulcermed-AllergyNoComorbid",'1940-05-31'),
(115,"Mr. Diabetesmed-NoComorbid",'1940-06-01'),
(116,"Mr. Sulfonylureumderiv",'1940-06-02'),
(117,"Mr. DPP4",'1940-06-03'),
(118,"Mr. GLP-1",'1940-06-04'),
(119,"Mr. SGLT2",'1940-06-05'),
(120,"Mr. Diabetesmed-Allergy",'1940-06-06'),
(121,"Mevr. Cholinesterase-NoComorbid",'1940-06-07'),
(122,"Mevr. Cholinesterase-Allergy",'1940-06-08'),
(123,"Mr. Avertigo-NoComorbid",'1940-06-09'),
(124,"Mr. Avertigo-Allergy",'1940-06-10'),
(125,"Mevr. Sympathomimetic-NoComorbid",'1940-06-11'),
(126,"Mr. CombiC09BA",'1940-06-13'),
(127,"Mr. CombiBB",'1940-06-14'),
(128,"Mr. CombiNSAID",'1940-06-15'),
(129,"Mr. CombiNaproxPPI",'1940-06-16');

UPDATE patient SET age = FLOOR(DATEDIFF(NOW(), birth_date)/365.25);

/* fake patients for validating rules */
INSERT INTO patient (id,display_name,birth_date,age) VALUES
(131,"Mr. ACEThiaz + Hartfalen",'1940-06-16',81),
(132,"Mw. Cardio-NoProb",'1940-06-16',81),
(133,"Mr. Diuretic-noACEi",'1940-06-16',81),
(134,"Mr. BBlis",'1940-06-16',81),
(135,"Mw. Digoxine",'1940-06-16',81),
(136,"Mr. Statin",'1940-06-16',81),
(137,"Mr. Painladder",'1940-06-16',81),
(138,"Mw. SSRI-NoProb",'1940-06-16',81),
(139,"Mr. TCA-depress",'1940-06-16',81),
(140,"Mw. TCA-anxiety",'1942-06-16',79),
(141,"Mr. Benzo-anxiety",'1940-06-16',81),
(142,"Mr. Benzo-noreason",'1940-06-16',81);

/* fake patients for usability */
INSERT INTO patient (id,display_name,birth_date,age) VALUES
(143,"Mw. Usability",'1940-06-16',81);

/* fake patients for validation 2 */
INSERT INTO patient (id,display_name,birth_date,age) VALUES
(144,"Mr.SedPark",'1940-06-16',81),
(145,"Mw.AntipsyDelier",'1940-06-16',81),
(146,"Mr.AntipsyDement",'1940-06-16',81),
(147,"Mr.AntipsySchizo",'1940-06-16',81),
(148,"Mr.AntipsyNoReason",'1940-06-16',81),
(149,"Mw.Prozac",'1940-06-16',81),
(150,"Mr.Antiep",'1940-06-16',81),
(151,"Mr.CombiStatin",'1940-06-16',81),
(152,"Mw.NormalRenal",'1940-06-16',81),
(153,"Mw.LowRenal",'1940-06-16',81),
(154,"Mw.Neuropath",'1940-06-16',81),
(155,"Mw.Antihist",'1940-06-16',81),
(156,"Mr.ED",'1940-06-16',81),
(157,"Mr.DPP4",'1940-06-16',81),
(158,"Mr.GLP1",'1940-06-16',81),
(159,"Mr.SGLT2",'1940-06-16',81);

/* fake patients for automated tests */
INSERT INTO patient (id,display_name,birth_date,age) VALUES
(160,"Mr.Test0",'1940-06-16',81),
(161,"Mw.Test1",'1940-06-16',81),
(162,"Mr.Test2",'1940-06-16',81),
(163,"Mw.Test3",'1940-06-16',81),
(164,"Mw.Test4",'1940-06-16',81),
(165,"Mw.Test5",'1940-06-16',81),
(166,"Mw.Test6",'1940-06-16',81),
(167,"Mw.Test7",'1940-06-16',81),
(168,"Mw.Test8",'1940-06-16',81),
(169,"Mw.Test9",'1940-06-16',81);

/* fake patients for prediction model tests */
INSERT INTO patient (id,display_name,birth_date,age) VALUES
(170,"Mevr. User-Entered",'1940-06-16',81),
(171,"Mevr. User-Entered1",'1940-06-16',81),
(172,"Mevr. User-Entered2",'1940-06-16',81),
(173,"Mevr. User-Entered3",'1940-06-16',81);

/* fake patient for reload test */
INSERT INTO patient (id,display_name,participant_number,birth_date,age) VALUES
(174,"Mr. Reload",777,'1942-01-08',80);

