-- SPDX-License-Identifier: GPL-3.0-or-later
-- Copyright (C) 2021 S. K. Medlock, E. K. Herman, K. M. Shaw
SET CHARACTER SET 'utf8'; -- enable unicode support in older clients

INSERT INTO etl_mrn_patient (mrn, patient_id) VALUES
('DummyMRN-000000001', "00000000-0000-4000-8000-100000000001"),
('DummyMRN-000000002', "00000000-0000-4000-8000-100000000002"),
('DummyMRN-000000003', "00000000-0000-4000-8000-100000000003"),
('DummyMRN-000000004', "00000000-0000-4000-8000-100000000004"),
('DummyMRN-000000005', "00000000-0000-4000-8000-100000000005"),
('DummyMRN-000000006', "00000000-0000-4000-8000-100000000006"),
('DummyMRN-000000007', "00000000-0000-4000-8000-100000000007"),
('DummyMRN-000000008', "00000000-0000-4000-8000-100000000008"),
('DummyMRN-000000009', "00000000-0000-4000-8000-100000000009"),
('DummyMRN-000000010', "00000000-0000-4000-8000-100000000010"),
('DummyMRN-000000011', "00000000-0000-4000-8000-100000000011"),
('DummyMRN-000000012', "00000000-0000-4000-8000-100000000012"),
('DummyMRN-000000013', "00000000-0000-4000-8000-100000000013"),
('DummyMRN-000000014', "00000000-0000-4000-8000-100000000014"),
('DummyMRN-000000015', "00000000-0000-4000-8000-100000000015"),
('DummyMRN-000000016', "00000000-0000-4000-8000-100000000016"),
('DummyMRN-000000017', "00000000-0000-4000-8000-100000000017"),
('DummyMRN-000000018', "00000000-0000-4000-8000-100000000018"),
('DummyMRN-000000019', "00000000-0000-4000-8000-100000000019"),
('DummyMRN-000000020', "00000000-0000-4000-8000-100000000020"),
('DummyMRN-000000021', "00000000-0000-4000-8000-100000000021"),
('DummyMRN-000000022', "00000000-0000-4000-8000-100000000022"),
('DummyMRN-000000023', "00000000-0000-4000-8000-100000000023"),
('DummyMRN-000000024', "00000000-0000-4000-8000-100000000024"),
('DummyMRN-000000025', "00000000-0000-4000-8000-100000000025"),
('DummyMRN-000000026', "00000000-0000-4000-8000-100000000026"),
('DummyMRN-000000027', "00000000-0000-4000-8000-100000000027"),
('DummyMRN-000000028', "00000000-0000-4000-8000-100000000028"),
('DummyMRN-000000029', "00000000-0000-4000-8000-100000000029"),
('DummyMRN-000000030', "00000000-0000-4000-8000-100000000030"),
('DummyMRN-000000031', "00000000-0000-4000-8000-100000000031"),
('DummyMRN-000000032', "00000000-0000-4000-8000-100000000032"),
('DummyMRN-000000033', "00000000-0000-4000-8000-100000000033"),
('DummyMRN-000000034', "00000000-0000-4000-8000-100000000034"),
('DummyMRN-000000035', "00000000-0000-4000-8000-100000000035"),
('DummyMRN-000000036', "00000000-0000-4000-8000-100000000036"),
('DummyMRN-000000037', "00000000-0000-4000-8000-100000000037"),
('DummyMRN-000000038', "00000000-0000-4000-8000-100000000038"),
('DummyMRN-000000039', "00000000-0000-4000-8000-100000000039"),
('DummyMRN-000000040', "00000000-0000-4000-8000-100000000040"),
('DummyMRN-000000041', "00000000-0000-4000-8000-100000000041"),
('DummyMRN-000000042', "00000000-0000-4000-8000-100000000042"),
('DummyMRN-000000043', "00000000-0000-4000-8000-100000000043"),
('DummyMRN-000000044', "00000000-0000-4000-8000-100000000044"),
('DummyMRN-000000045', "00000000-0000-4000-8000-100000000045"),
('DummyMRN-000000046', "00000000-0000-4000-8000-100000000046"),
('DummyMRN-000000047', "00000000-0000-4000-8000-100000000047"),
('DummyMRN-000000048', "00000000-0000-4000-8000-100000000048"),
('DummyMRN-000000049', "00000000-0000-4000-8000-100000000049"),
('DummyMRN-000000050', "00000000-0000-4000-8000-100000000050"),
('DummyMRN-000000051', "00000000-0000-4000-8000-100000000051"),
('DummyMRN-000000052', "00000000-0000-4000-8000-100000000052"),
('DummyMRN-000000053', "00000000-0000-4000-8000-100000000053"),
('DummyMRN-000000054', "00000000-0000-4000-8000-100000000054"),
('DummyMRN-000000055', "00000000-0000-4000-8000-100000000055"),
('DummyMRN-000000056', "00000000-0000-4000-8000-100000000056"),
('DummyMRN-000000057', "00000000-0000-4000-8000-100000000057"),
('DummyMRN-000000058', "00000000-0000-4000-8000-100000000058"),
('DummyMRN-000000059', "00000000-0000-4000-8000-100000000059"),
('DummyMRN-000000060', "00000000-0000-4000-8000-100000000060"),
('DummyMRN-000000061', "00000000-0000-4000-8000-100000000061"),
('DummyMRN-000000062', "00000000-0000-4000-8000-100000000062"),
('DummyMRN-000000063', "00000000-0000-4000-8000-100000000063"),
('DummyMRN-000000064', "00000000-0000-4000-8000-100000000064"),
('DummyMRN-000000065', "00000000-0000-4000-8000-100000000065"),
('DummyMRN-000000066', "00000000-0000-4000-8000-100000000066"),
('DummyMRN-000000067', "00000000-0000-4000-8000-100000000067"),
('DummyMRN-000000068', "00000000-0000-4000-8000-100000000068"),
('DummyMRN-000000069', "00000000-0000-4000-8000-100000000069"),
('DummyMRN-000000070', "00000000-0000-4000-8000-100000000070"),
('DummyMRN-000000071', "00000000-0000-4000-8000-100000000071"),
('DummyMRN-000000072', "00000000-0000-4000-8000-100000000072"),
('DummyMRN-000000073', "00000000-0000-4000-8000-100000000073"),
('DummyMRN-000000074', "00000000-0000-4000-8000-100000000074"),
('DummyMRN-000000075', "00000000-0000-4000-8000-100000000075"),
('DummyMRN-000000076', "00000000-0000-4000-8000-100000000076"),
('DummyMRN-000000077', "00000000-0000-4000-8000-100000000077"),
('DummyMRN-000000078', "00000000-0000-4000-8000-100000000078"),
('DummyMRN-000000079', "00000000-0000-4000-8000-100000000079"),
('DummyMRN-000000080', "00000000-0000-4000-8000-100000000080"),
('DummyMRN-000000081', "00000000-0000-4000-8000-100000000081"),
('DummyMRN-000000082', "00000000-0000-4000-8000-100000000082"),
('DummyMRN-000000083', "00000000-0000-4000-8000-100000000083"),
('DummyMRN-000000084', "00000000-0000-4000-8000-100000000084"),
('DummyMRN-000000085', "00000000-0000-4000-8000-100000000085"),
('DummyMRN-000000086', "00000000-0000-4000-8000-100000000086"),
('DummyMRN-000000087', "00000000-0000-4000-8000-100000000087"),
('DummyMRN-000000088', "00000000-0000-4000-8000-100000000088"),
('DummyMRN-000000089', "00000000-0000-4000-8000-100000000089"),
('DummyMRN-000000090', "00000000-0000-4000-8000-100000000090"),
('DummyMRN-000000091', "00000000-0000-4000-8000-100000000091"),
('DummyMRN-000000092', "00000000-0000-4000-8000-100000000092"),
('DummyMRN-000000093', "00000000-0000-4000-8000-100000000093"),
('DummyMRN-000000094', "00000000-0000-4000-8000-100000000094"),
('DummyMRN-000000095', "00000000-0000-4000-8000-100000000095"),
('DummyMRN-000000096', "00000000-0000-4000-8000-100000000096"),
('DummyMRN-000000097', "00000000-0000-4000-8000-100000000097"),
('DummyMRN-000000098', "00000000-0000-4000-8000-100000000098"),
('DummyMRN-000000099', "00000000-0000-4000-8000-100000000099"),
('DummyMRN-000000100', "00000000-0000-4000-8000-100000000100"),
('DummyMRN-000000101', "00000000-0000-4000-8000-100000000101"),
('DummyMRN-000000102', "00000000-0000-4000-8000-100000000102"),
('DummyMRN-000000103', "00000000-0000-4000-8000-100000000103"),
('DummyMRN-000000104', "00000000-0000-4000-8000-100000000104"),
('DummyMRN-000000105', "00000000-0000-4000-8000-100000000105"),
('DummyMRN-000000106', "00000000-0000-4000-8000-100000000106"),
('DummyMRN-000000107', "00000000-0000-4000-8000-100000000107"),
('DummyMRN-000000108', "00000000-0000-4000-8000-100000000108"),
('DummyMRN-000000109', "00000000-0000-4000-8000-100000000109"),
('DummyMRN-000000110', "00000000-0000-4000-8000-100000000110"),
('DummyMRN-000000111', "00000000-0000-4000-8000-100000000111"),
('DummyMRN-000000112', "00000000-0000-4000-8000-100000000112"),
('DummyMRN-000000113', "00000000-0000-4000-8000-100000000113"),
('DummyMRN-000000114', "00000000-0000-4000-8000-100000000114"),
('DummyMRN-000000115', "00000000-0000-4000-8000-100000000115"),
('DummyMRN-000000116', "00000000-0000-4000-8000-100000000116"),
('DummyMRN-000000117', "00000000-0000-4000-8000-100000000117"),
('DummyMRN-000000118', "00000000-0000-4000-8000-100000000118"),
('DummyMRN-000000119', "00000000-0000-4000-8000-100000000119"),
('DummyMRN-000000120', "00000000-0000-4000-8000-100000000120"),
('DummyMRN-000000121', "00000000-0000-4000-8000-100000000121"),
('DummyMRN-000000122', "00000000-0000-4000-8000-100000000122"),
('DummyMRN-000000123', "00000000-0000-4000-8000-100000000123"),
('DummyMRN-000000124', "00000000-0000-4000-8000-100000000124"),
('DummyMRN-000000125', "00000000-0000-4000-8000-100000000125"),
('DummyMRN-000000126', "00000000-0000-4000-8000-100000000126"),
('DummyMRN-000000127', "00000000-0000-4000-8000-100000000127"),
('DummyMRN-000000128', "00000000-0000-4000-8000-100000000128"),
('DummyMRN-000000129', "00000000-0000-4000-8000-100000000129"),
('DummyMRN-000000130', "00000000-0000-4000-8000-100000000130"),
('DummyMRN-000000131', "00000000-0000-4000-8000-100000000131"),
('DummyMRN-000000132', "00000000-0000-4000-8000-100000000132"),
('DummyMRN-000000133', "00000000-0000-4000-8000-100000000133"),
('DummyMRN-000000134', "00000000-0000-4000-8000-100000000134"),
('DummyMRN-000000135', "00000000-0000-4000-8000-100000000135"),
('DummyMRN-000000136', "00000000-0000-4000-8000-100000000136"),
('DummyMRN-000000137', "00000000-0000-4000-8000-100000000137"),
('DummyMRN-000000138', "00000000-0000-4000-8000-100000000138"),
('DummyMRN-000000139', "00000000-0000-4000-8000-100000000139"),
('DummyMRN-000000140', "00000000-0000-4000-8000-100000000140"),
('DummyMRN-000000141', "00000000-0000-4000-8000-100000000141"),
('DummyMRN-000000142', "00000000-0000-4000-8000-100000000142"),
('DummyMRN-000000143', "00000000-0000-4000-8000-100000000143"),
('DummyMRN-000000144', "00000000-0000-4000-8000-100000000144"),
('DummyMRN-000000145', "00000000-0000-4000-8000-100000000145"),
('DummyMRN-000000146', "00000000-0000-4000-8000-100000000146"),
('DummyMRN-000000147', "00000000-0000-4000-8000-100000000147"),
('DummyMRN-000000148', "00000000-0000-4000-8000-100000000148"),
('DummyMRN-000000149', "00000000-0000-4000-8000-100000000149"),
('DummyMRN-000000150', "00000000-0000-4000-8000-100000000150"),
('DummyMRN-000000151', "00000000-0000-4000-8000-100000000151"),
('DummyMRN-000000152', "00000000-0000-4000-8000-100000000152"),
('DummyMRN-000000153', "00000000-0000-4000-8000-100000000153"),
('DummyMRN-000000154', "00000000-0000-4000-8000-100000000154"),
('DummyMRN-000000155', "00000000-0000-4000-8000-100000000155"),
('DummyMRN-000000156', "00000000-0000-4000-8000-100000000156"),
('DummyMRN-000000157', "00000000-0000-4000-8000-100000000157"),
('DummyMRN-000000158', "00000000-0000-4000-8000-100000000158"),
('DummyMRN-000000159', "00000000-0000-4000-8000-100000000159"),
('DummyMRN-000000160', "00000000-0000-4000-8000-100000000160"),
('DummyMRN-000000161', "00000000-0000-4000-8000-100000000161"),
('DummyMRN-000000162', "00000000-0000-4000-8000-100000000162"),
('DummyMRN-000000163', "00000000-0000-4000-8000-100000000163"),
('DummyMRN-000000164', "00000000-0000-4000-8000-100000000164"),
('DummyMRN-000000165', "00000000-0000-4000-8000-100000000165"),
('DummyMRN-000000166', "00000000-0000-4000-8000-100000000166"),
('DummyMRN-000000167', "00000000-0000-4000-8000-100000000167"),
('DummyMRN-000000168', "00000000-0000-4000-8000-100000000168"),
('DummyMRN-000000169', "00000000-0000-4000-8000-100000000169"),
('DummyMRN-000000170', "00000000-0000-4000-8000-100000000170"),
('DummyMRN-000000171', "00000000-0000-4000-8000-100000000171"),
('DummyMRN-000000172', "00000000-0000-4000-8000-100000000172"),
('DummyMRN-000000173', "00000000-0000-4000-8000-100000000173"),
('DummyMRN-000000174', "00000000-0000-4000-8000-100000000174");

INSERT INTO etl_user (doctor_id, ehr_user_id) VALUES
('b2eb56d6-3e6e-48c7-992f-f8556fc9bd07', 'dr_alice'),
('4573fee8-4845-44ff-a9c2-1e988ba81f8f','dr_bob');

INSERT INTO patient (patient_id,display_name,birth_date) VALUES
("00000000-0000-4000-8000-100000000001","Mevr. Empty",'1940-02-10'),
("00000000-0000-4000-8000-100000000002","Mevr. Predict",'1940-02-11'),
("00000000-0000-4000-8000-100000000003","Mr. Predict",'1942-01-01');

INSERT INTO patient (patient_id,display_name,birth_date) VALUES
("00000000-0000-4000-8000-100000000004","Mevr. Benzo-NoComorbid",'1940-02-12'),
("00000000-0000-4000-8000-100000000005","Mevr. Benzo-angst",'1940-02-13'),
("00000000-0000-4000-8000-100000000006","Mevr. Benzo-epilepsy",'1940-02-14'),
("00000000-0000-4000-8000-100000000007","Mevr. Benzo-allergy",'1940-02-15'),
("00000000-0000-4000-8000-100000000008","Mevr. Benzo-parkinson",'1940-02-16'),
("00000000-0000-4000-8000-100000000009","Mevr. CYP3A",'1940-02-17'),
("00000000-0000-4000-8000-100000000010","Mevr. Benzo-angst-park",'1940-02-18'),
("00000000-0000-4000-8000-100000000011","Mevr. Scopolamine-angst",'1940-02-19'),
("00000000-0000-4000-8000-100000000012","Mevr. Anxiolytic-NoComorbid",'1940-02-20'),
("00000000-0000-4000-8000-100000000013","Mevr. Anxiolytic-allergy",'1940-02-21'),
("00000000-0000-4000-8000-100000000014","Mr. Antipsy-NoComorbid",'1940-02-22'),
("00000000-0000-4000-8000-100000000015","Mr. Antipsy-delier",'1940-02-23'),
("00000000-0000-4000-8000-100000000016","Mr. Antipsy-dement",'1940-02-24'),
("00000000-0000-4000-8000-100000000017","Mr. Antipsy-schiz",'1940-02-25'),
("00000000-0000-4000-8000-100000000018","Mr. Antipsy-park",'1940-02-26'),
("00000000-0000-4000-8000-100000000019","Mr. Clozapine-park",'1940-02-27'),
("00000000-0000-4000-8000-100000000020","Mr. Antipsy-allergy",'1940-02-28'),
("00000000-0000-4000-8000-100000000021","Mr. Antipsy-delier-park",'1940-02-29'),
("00000000-0000-4000-8000-100000000022","Mr. Anitpsy-dement-schiz",'1940-03-01'),
("00000000-0000-4000-8000-100000000023","Mr. Haldol-delier",'1940-03-02'),
("00000000-0000-4000-8000-100000000024","Mr. Risperidon-dement",'1940-03-03'),
("00000000-0000-4000-8000-100000000025","Mevr. Antidepr-NoComorbid-70y",'1950-01-01'),
("00000000-0000-4000-8000-100000000026","Mevr. Antidepr-depr2mos",'1940-03-04'),
("00000000-0000-4000-8000-100000000027","Mevr. Antidepr-depr8mos-natrium",'1940-03-05'),
("00000000-0000-4000-8000-100000000028","Mevr. Antidepr-angst",'1940-03-06'),
("00000000-0000-4000-8000-100000000029","Mevr. Fluoxetine",'1940-03-07'),
("00000000-0000-4000-8000-100000000030","Mevr. Antidepr-oldNatrium",'1940-03-08'),
("00000000-0000-4000-8000-100000000031","Mevr. Antidepr-allergy",'1940-03-09'),
("00000000-0000-4000-8000-100000000032","Mevr. Antidepr-hyponatremia",'1940-03-10'),
("00000000-0000-4000-8000-100000000033","Mr. ParkmedsAntichol-NoComorbid",'1940-03-11'),
("00000000-0000-4000-8000-100000000034","Mr. Parkmeds-park",'1940-03-12'),
("00000000-0000-4000-8000-100000000035","Mr. Parkmeds-allergy",'1940-03-13'),
("00000000-0000-4000-8000-100000000036","Mr. Parkmeds-park-OH",'1940-03-14'),
("00000000-0000-4000-8000-100000000037","Mevr. Antiep-NoComorbid",'1940-03-15'),
("00000000-0000-4000-8000-100000000038","Mevr. AntiepBarbituate",'1940-03-16'),
("00000000-0000-4000-8000-100000000039","Mevr. AntiepLevetiracetam",'1940-03-17'),
("00000000-0000-4000-8000-100000000040","Mevr. Antiep-allergy",'1940-03-18'),
("00000000-0000-4000-8000-100000000041","Mr. Diuretic-NoComorbid",'1940-03-19'),
("00000000-0000-4000-8000-100000000042","Mr. Lisdiuretic-hartfalen",'1940-03-20'),
("00000000-0000-4000-8000-100000000043","Mr. Bumetanide-hartfalen",'1940-03-21'),
("00000000-0000-4000-8000-100000000044","Mr. Lisdiuretic-hypert",'1940-03-22'),
("00000000-0000-4000-8000-100000000045","Mr. Thiazide-hypokalemia",'1940-03-23'),
("00000000-0000-4000-8000-100000000046","Mr. Thiazide-hyponatremia",'1940-03-24'),
("00000000-0000-4000-8000-100000000047","Mr. Thiazide-hypercalcemia",'1940-03-25'),
("00000000-0000-4000-8000-100000000048","Mr. Thiazide-jicht",'1940-03-26'),
("00000000-0000-4000-8000-100000000049","Mr. Diuretic-allergy",'1940-03-27'),
("00000000-0000-4000-8000-100000000050","Mr. Antihypert-NoComorbid",'1940-03-28'),
("00000000-0000-4000-8000-100000000051","Mr. Antihypert-park-OH",'1940-03-29'),-- are other antihypertensives and parkinson covered somewhere?
("00000000-0000-4000-8000-100000000052","Mr. Antihypert-allergy",'1940-03-30'),
("00000000-0000-4000-8000-100000000053","Mr. Antiarryth-NoComorbid",'1940-03-31'),
("00000000-0000-4000-8000-100000000054","Mr. Antiarryth-allergy",'1940-04-01'),
("00000000-0000-4000-8000-100000000055","Mr. Vasodilat-hypert",'1940-04-02'),
("00000000-0000-4000-8000-100000000056","Mr. Vasodilat-NoComorbid",'1940-04-03'),
("00000000-0000-4000-8000-100000000057","Mr. Nicorandil",'1940-04-04'),
("00000000-0000-4000-8000-100000000058","Mr. Nicorandil-allergy",'1940-04-05'),
("00000000-0000-4000-8000-100000000059","Mr. BetaB-NoComorbid",'1940-04-06'),
("00000000-0000-4000-8000-100000000060","Mr. BetaBNS-diabetes",'1940-04-07'),
("00000000-0000-4000-8000-100000000061","Mr. BetaBSel-diabetes",'1940-04-08'),
("00000000-0000-4000-8000-100000000062","Mr. BetaB-AFib",'1940-04-09'),
("00000000-0000-4000-8000-100000000063","Mr. BetaB-allergy",'1940-04-10'),
("00000000-0000-4000-8000-100000000064","Mr. ACEi-NoComorbid",'1940-04-11'),
("00000000-0000-4000-8000-100000000065","Mr. ACEi-allergy",'1940-04-12'),
("00000000-0000-4000-8000-100000000066","Mr. Statin-NoComorbid",'1940-04-13'),
("00000000-0000-4000-8000-100000000067","Mr. Statin-allergy",'1940-04-14'),
("00000000-0000-4000-8000-100000000068","Mr. Diuretic-ACEi",'1940-04-15'),
("00000000-0000-4000-8000-100000000069","Mr. Amlodipine",'1940-04-16'),
("00000000-0000-4000-8000-100000000070","Mr. Diuretic-park-OH",'1940-04-17'),
("00000000-0000-4000-8000-100000000071","Mr. PeriphVasodil",'1940-04-18'),
("00000000-0000-4000-8000-100000000072","Mr. BBThiaz",'1940-04-19'),
("00000000-0000-4000-8000-100000000073","Mr. BBOtherDiuretic",'1940-04-20'),
("00000000-0000-4000-8000-100000000074","Mr. StatinAmlodipine",'1940-04-21'),
("00000000-0000-4000-8000-100000000075","Mr. StatinAmlodipineACEi",'1940-04-22'),
("00000000-0000-4000-8000-100000000076","Mevr. Opiate-NoComorbid",'1940-04-23'),
("00000000-0000-4000-8000-100000000077","Mevr. Oxymorphone",'1940-04-24'),
("00000000-0000-4000-8000-100000000078","Mevr. Opiate-NormEGFR",'1940-04-25'),
("00000000-0000-4000-8000-100000000079","Mevr. Opiate-LowEGFR",'1940-04-26'),
("00000000-0000-4000-8000-100000000080","Mevr. Opiate-OldEGFR",'1940-04-27'),
("00000000-0000-4000-8000-100000000081","Mevr. Tramadol",'1940-04-28'),
("00000000-0000-4000-8000-100000000082","Mevr. Opiate-allergy",'1940-04-29'),
("00000000-0000-4000-8000-100000000083","Mr. NSAID-NoComorbid",'1940-04-30'),
("00000000-0000-4000-8000-100000000084","Mr. NSAID-Paracetamol",'1940-05-01'),
("00000000-0000-4000-8000-100000000085","Mr. NSAID-NormEGFR",'1940-05-02'),
("00000000-0000-4000-8000-100000000086","Mr. NSAID-LowEGFR",'1940-05-03'),
("00000000-0000-4000-8000-100000000087","Mr. NSAID-OldEGFR",'1940-05-04'),
("00000000-0000-4000-8000-100000000088","Mr. NSAID-allergy",'1940-05-05'),
("00000000-0000-4000-8000-100000000089","Mr. Indometacin",'1940-05-06'),
("00000000-0000-4000-8000-100000000090","Mevr. Relax-NoComorbid",'1940-05-07'),
("00000000-0000-4000-8000-100000000091","Mevr. Relax-Dwarslesie",'1940-05-08'),
("00000000-0000-4000-8000-100000000092","Mevr. Relax-NormEGFR",'1940-05-09'),
("00000000-0000-4000-8000-100000000093","Mevr. Relax-LowEGFR",'1940-05-10'),
("00000000-0000-4000-8000-100000000094","Mevr. Relax-OldEGFR",'1940-05-11'),
("00000000-0000-4000-8000-100000000095","Mevr. Relax-allergy",'1940-05-12'),
("00000000-0000-4000-8000-100000000096","Mevr. Methocarbamol",'1940-05-13'),
("00000000-0000-4000-8000-100000000097","Mr. Neuropath-NoComorbid",'1940-05-14'),
("00000000-0000-4000-8000-100000000098","Mr. Neuropath-Allergy",'1940-05-15'),
("00000000-0000-4000-8000-100000000099","Mevr. Antihist-NoComorbid",'1940-05-16'),
("00000000-0000-4000-8000-100000000100","Mevr. Promethazine",'1940-05-17'),
("00000000-0000-4000-8000-100000000101","Mevr. Cyproheptadine",'1940-05-18'),
("00000000-0000-4000-8000-100000000102","Mevr. Cyproheptadine-Parkinson",'1940-05-19'),
("00000000-0000-4000-8000-100000000103","Mevr. Antihist-Allergy",'1940-05-20'),
("00000000-0000-4000-8000-100000000104","Mr. Antichol-NoComorbid",'1940-05-21'),
("00000000-0000-4000-8000-100000000105","Mr. Antichol-Allergy",'1940-05-22'),
("00000000-0000-4000-8000-100000000106","Mr. Butylscopolamine-NoComorbid",'1940-05-23'),
("00000000-0000-4000-8000-100000000107","Mr. Butylscopolamine-Allergy",'1940-05-24'),
("00000000-0000-4000-8000-100000000108","Mevr. Spasmolytic-NoComorbid",'1940-05-25'),
("00000000-0000-4000-8000-100000000109","Mevr. Spasmolytic-Allergy",'1940-05-26'),
("00000000-0000-4000-8000-100000000110","Mr. Alphablokker-NoComorbid",'1940-05-27'),
("00000000-0000-4000-8000-100000000111","Mr. Terazosin-allergy",'1940-05-28'),
("00000000-0000-4000-8000-100000000112","Mevr. Ulcermed-NoComorbid",'1940-05-29'),
("00000000-0000-4000-8000-100000000113","Mevr. Pantoprazole",'1940-05-30'),
("00000000-0000-4000-8000-100000000114","Mevr. Ulcermed-AllergyNoComorbid",'1940-05-31'),
("00000000-0000-4000-8000-100000000115","Mr. Diabetesmed-NoComorbid",'1940-06-01'),
("00000000-0000-4000-8000-100000000116","Mr. Sulfonylureumderiv",'1940-06-02'),
("00000000-0000-4000-8000-100000000117","Mr. DPP4",'1940-06-03'),
("00000000-0000-4000-8000-100000000118","Mr. GLP-1",'1940-06-04'),
("00000000-0000-4000-8000-100000000119","Mr. SGLT2",'1940-06-05'),
("00000000-0000-4000-8000-100000000120","Mr. Diabetesmed-Allergy",'1940-06-06'),
("00000000-0000-4000-8000-100000000121","Mevr. Cholinesterase-NoComorbid",'1940-06-07'),
("00000000-0000-4000-8000-100000000122","Mevr. Cholinesterase-Allergy",'1940-06-08'),
("00000000-0000-4000-8000-100000000123","Mr. Avertigo-NoComorbid",'1940-06-09'),
("00000000-0000-4000-8000-100000000124","Mr. Avertigo-Allergy",'1940-06-10'),
("00000000-0000-4000-8000-100000000125","Mevr. Sympathomimetic-NoComorbid",'1940-06-11'),
("00000000-0000-4000-8000-100000000126","Mr. CombiC09BA",'1940-06-13'),
("00000000-0000-4000-8000-100000000127","Mr. CombiBB",'1940-06-14'),
("00000000-0000-4000-8000-100000000128","Mr. CombiNSAID",'1940-06-15'),
("00000000-0000-4000-8000-100000000129","Mr. CombiNaproxPPI",'1940-06-16');

UPDATE patient SET age = FLOOR(DATEDIFF(NOW(), birth_date)/365.25);

/* fake patients for validating rules */
INSERT INTO patient (patient_id,display_name,birth_date,age) VALUES
("00000000-0000-4000-8000-100000000131","Mr. ACEThiaz + Hartfalen",'1940-06-16',81),
("00000000-0000-4000-8000-100000000132","Mw. Cardio-NoProb",'1940-06-16',81),
("00000000-0000-4000-8000-100000000133","Mr. Diuretic-noACEi",'1940-06-16',81),
("00000000-0000-4000-8000-100000000134","Mr. BBlis",'1940-06-16',81),
("00000000-0000-4000-8000-100000000135","Mw. Digoxine",'1940-06-16',81),
("00000000-0000-4000-8000-100000000136","Mr. Statin",'1940-06-16',81),
("00000000-0000-4000-8000-100000000137","Mr. Painladder",'1940-06-16',81),
("00000000-0000-4000-8000-100000000138","Mw. SSRI-NoProb",'1940-06-16',81),
("00000000-0000-4000-8000-100000000139","Mr. TCA-depress",'1940-06-16',81),
("00000000-0000-4000-8000-100000000140","Mw. TCA-anxiety",'1942-06-16',79),
("00000000-0000-4000-8000-100000000141","Mr. Benzo-anxiety",'1940-06-16',81),
("00000000-0000-4000-8000-100000000142","Mr. Benzo-noreason",'1940-06-16',81);

/* fake patients for usability */
INSERT INTO patient (patient_id,display_name,birth_date,age) VALUES
("00000000-0000-4000-8000-100000000143","Mw. Usability",'1940-06-16',81);

/* fake patients for validation 2 */
INSERT INTO patient (patient_id,display_name,birth_date,age) VALUES
("00000000-0000-4000-8000-100000000144","Mr.SedPark",'1940-06-16',81),
("00000000-0000-4000-8000-100000000145","Mw.AntipsyDelier",'1940-06-16',81),
("00000000-0000-4000-8000-100000000146","Mr.AntipsyDement",'1940-06-16',81),
("00000000-0000-4000-8000-100000000147","Mr.AntipsySchizo",'1940-06-16',81),
("00000000-0000-4000-8000-100000000148","Mr.AntipsyNoReason",'1940-06-16',81),
("00000000-0000-4000-8000-100000000149","Mw.Prozac",'1940-06-16',81),
("00000000-0000-4000-8000-100000000150","Mr.Antiep",'1940-06-16',81),
("00000000-0000-4000-8000-100000000151","Mr.CombiStatin",'1940-06-16',81),
("00000000-0000-4000-8000-100000000152","Mw.NormalRenal",'1940-06-16',81),
("00000000-0000-4000-8000-100000000153","Mw.LowRenal",'1940-06-16',81),
("00000000-0000-4000-8000-100000000154","Mw.Neuropath",'1940-06-16',81),
("00000000-0000-4000-8000-100000000155","Mw.Antihist",'1940-06-16',81),
("00000000-0000-4000-8000-100000000156","Mr.ED",'1940-06-16',81),
("00000000-0000-4000-8000-100000000157","Mr.DPP4",'1940-06-16',81),
("00000000-0000-4000-8000-100000000158","Mr.GLP1",'1940-06-16',81),
("00000000-0000-4000-8000-100000000159","Mr.SGLT2",'1940-06-16',81);

/* fake patients for automated tests */
INSERT INTO patient (patient_id,display_name,birth_date,age) VALUES
("00000000-0000-4000-8000-100000000160","Mr.Test0",'1940-06-16',81),
("00000000-0000-4000-8000-100000000161","Mw.Test1",'1940-06-16',81),
("00000000-0000-4000-8000-100000000162","Mr.Test2",'1940-06-16',81),
("00000000-0000-4000-8000-100000000163","Mw.Test3",'1940-06-16',81),
("00000000-0000-4000-8000-100000000164","Mw.Test4",'1940-06-16',81),
("00000000-0000-4000-8000-100000000165","Mw.Test5",'1940-06-16',81),
("00000000-0000-4000-8000-100000000166","Mw.Test6",'1940-06-16',81),
("00000000-0000-4000-8000-100000000167","Mw.Test7",'1940-06-16',81),
("00000000-0000-4000-8000-100000000168","Mw.Test8",'1940-06-16',81),
("00000000-0000-4000-8000-100000000169","Mw.Test9",'1940-06-16',81);

/* fake patients for prediction model tests */
INSERT INTO patient (patient_id,display_name,birth_date,age) VALUES
("00000000-0000-4000-8000-100000000170","Mevr. User-Entered",'1940-06-16',81),
("00000000-0000-4000-8000-100000000171","Mevr. User-Entered1",'1940-06-16',81),
("00000000-0000-4000-8000-100000000172","Mevr. User-Entered2",'1940-06-16',81),
("00000000-0000-4000-8000-100000000173","Mevr. User-Entered3",'1940-06-16',81);

/* fake patient for reload test */
INSERT INTO patient (patient_id,display_name,participant_number,birth_date,age) VALUES
("00000000-0000-4000-8000-100000000174","Mr. Reload",777,'1942-01-08',80);
